84548468_0_5955155464119382182_Year,http://dbpedia.org/ontology/releaseDate
64499281_8_7181683886563136802_Stadt,http://dbpedia.org/ontology/location
58891288_0_1117541047012405958_Director(s),http://dbpedia.org/ontology/director
69381058_0_984708047398578866_Asia,http://dbpedia.org/ontology/continent
21362676_0_6854186738074119688_Director(s),http://dbpedia.org/ontology/director
84675086_0_6386416780680710863_Genus,http://dbpedia.org/ontology/genus
21585935_0_294037497010176843_State,http://dbpedia.org/ontology/location
29414811_12_251152470253168163_Developer(s),http://dbpedia.org/ontology/developer
52208141_2_5171684379987586712_Stadt,http://dbpedia.org/ontology/location
